Subject,Group,Age,Gender,StandardProblem,CBType,StandardAcc,StandardResp,ControlAcc,ControlResp,StandardRT,ControlRT,StandardConfidence,ControlConfidence,StandardOpinion,ControlOpinion,StandardRecall,ControlRecall,StandardMC,ControlMC,LogStandardRT,LogControlRT,LogRTdiff,Confdiff,Opindiff,temp
1,LLM_MIX8X7B_T13,21,Male,PE,2b,0,10,1,90,,,1,0.75,0.95,0.3,,,,,,,,0.25,0.65,1.3
2,LLM_MIX8X7B_T13,18,Male,PE,1a,1,0.05,1,0.9,,,1,1,0.9,0.9,,,,,,,,0,0,1.3
3,LLM_MIX8X7B_T13,18,Male,BM,1b,1,0.45,1,0.1,,,0.75,0.95,0.8,0.95,,,,,,,,-0.2,-0.15,1.3
4,LLM_MIX8X7B_T13,20,Male,BM,2a,0,2.75,0,,,,0.6,1,,,,,,,,,,-0.4,,1.3
5,LLM_MIX8X7B_T13,19,Female,PE,2b,1,0.05,1,0.9,,,0.65,0.85,0.4,0.6,,,,,,,,-0.2,-0.2,1.3
6,LLM_MIX8X7B_T13,19,Female,PE,1a,1,0.05,1,0.9,,,0.8,0.0005,-0.7,1,,,,,,,,0.7995,-1.7,1.3
7,LLM_MIX8X7B_T13,18,Female,BM,1b,0,,0,1,,,0.85,0.9,0.6,0.7,,,,,,,,-0.05,-0.1,1.3
8,LLM_MIX8X7B_T13,20,Female,PE,2b,1,5,1,90,,,1,1,0.7,0.8,,,,,,,,0,-0.1,1.3
9,LLM_MIX8X7B_T13,19,Male,BM,2a,1,0.45,1,0.1,,,1,0.1,0.0145,0.85,,,,,,,,0.9,-0.8355,1.3
10,LLM_MIX8X7B_T13,18,Male,PE,1a,1,5,1,90,,,0.85,0.6,0.75,0.5,,,,,,,,0.25,0.25,1.3
11,LLM_MIX8X7B_T13,19,Female,BM,2a,0,50,1,10,,,1,1,0.8,0.9,,,,,,,,0,-0.1,1.3
12,LLM_MIX8X7B_T13,19,Female,PE,1a,1,0.05,1,0.9,,,0.8,0.85,0.6,0.8,,,,,,,,-0.05,-0.2,1.3
13,LLM_MIX8X7B_T13,19,Female,BM,1b,0,,1,0.1,,,1,1,0.85,1,,,,,,,,0,-0.15,1.3
14,LLM_MIX8X7B_T13,18,Male,PE,2b,1,0.05,1,0.9,,,0.85,0.9,0.3,0.6,,,,,,,,-0.05,-0.3,1.3
15,LLM_MIX8X7B_T13,22,Female,PE,1a,1,5,1,90,,,1,0.8,0.7,0.4,,,,,,,,0.2,0.3,1.3
16,LLM_MIX8X7B_T13,19,Female,BM,2a,0,90,1,10,,,0.5,1,0.65,0.8,,,,,,,,-0.5,-0.15,1.3
17,LLM_MIX8X7B_T13,20,Female,PE,2b,1,0.05,1,0.9,,,0.75,0.85,0.5,0.6,,,,,,,,-0.1,-0.1,1.3
18,LLM_MIX8X7B_T13,18,Female,BM,1b,0,2,1,10,,,1,0.85,0.2,0.72,,,,,,,,0.15,-0.52,1.3
19,LLM_MIX8X7B_T13,18,Female,PE,1a,0,10,1,90,,,0.95,0.98,-0.75,0.9,,,,,,,,-0.03,-1.65,1.3
20,LLM_MIX8X7B_T13,18,Female,PE,2b,1,0.05,1,0.9,,,0.99,0.95,0.4,0.75,,,,,,,,0.04,-0.35,1.3
21,LLM_MIX8X7B_T13,18,Female,BM,1b,0,2,0,1,,,0.98,0.95,0.65,0.9,,,,,,,,0.03,-0.25,1.3
22,LLM_MIX8X7B_T13,19,Male,PE,2b,0,1,1,0.9,,,0.45,0.95,0.011,0.9,,,,,,,,-0.5,-0.889,1.3
23,LLM_MIX8X7B_T13,18,Female,PE,1a,0,0.1,1,90,,,0.5,0.5,0.7,0.6,,,,,,,,0,0.1,1.3
24,LLM_MIX8X7B_T13,18,Female,BM,2a,1,0.45,1,0.1,,,0.6,0.8,0.5,0.6,,,,,,,,-0.2,-0.1,1.3
25,LLM_MIX8X7B_T13,20,Female,PE,2b,1,0.05,1,0.9,,,0.9,0.9,0.3,0.5,,,,,,,,0,-0.2,1.3
26,LLM_MIX8X7B_T13,19,Male,BM,1b,1,0.45,1,0.1,,,0.8,1,0.65,0.85,,,,,,,,-0.2,-0.2,1.3
27,LLM_MIX8X7B_T13,19,Female,PE,2b,0,0.1,1,0.9,,,0.9,1,,0.6,,,,,,,,-0.1,,1.3
28,LLM_MIX8X7B_T13,19,Male,BM,1b,0,,0,,,,0.8,0.001,0.4,0.9,,,,,,,,0.799,-0.5,1.3
29,LLM_MIX8X7B_T13,18,Female,BM,2a,1,0.45,1,0.1,,,0.85,0.95,0.7,0.6,,,,,,,,-0.1,0.1,1.3
30,LLM_MIX8X7B_T13,19,Female,PE,1a,1,0.05,1,0.9,,,0.9,1,0.4,0.5,,,,,,,,-0.1,-0.1,1.3
31,LLM_MIX8X7B_T13,18,Male,PE,1a,1,5,1,90,,,0.9,0.7,0.4,0.85,,,,,,,,0.2,-0.45,1.3
32,LLM_MIX8X7B_T13,18,Female,BM,1b,1,0.45,1,0.1,,,1,0.32,0.95,0.98,,,,,,,,0.68,-0.03,1.3
33,LLM_MIX8X7B_T13,19,Female,BM,2a,0,0.7,0,1,,,0.95,0.01,0.35,0.05,,,,,,,,0.94,0.3,1.3
34,LLM_MIX8X7B_T13,19,Female,PE,2b,1,0.05,1,0.9,,,1,0.75,0.4,0.6,,,,,,,,0.25,-0.2,1.3
35,LLM_MIX8X7B_T13,19,Female,BM,1b,0,2.5,0,,,,0.85,1,,0.9,,,,,,,,-0.15,,1.3
36,LLM_MIX8X7B_T13,19,Male,BM,2a,0,0.85,0,1,,,0.98,0.93,,0.05,,,,,,,,0.05,,1.3
37,LLM_MIX8X7B_T13,19,Female,PE,1a,1,5,1,90,,,0.8,0.9,0.011,-0.7,,,,,,,,-0.1,0.711,1.3
38,LLM_MIX8X7B_T13,19,Female,PE,2b,1,0.05,1,0.9,,,1,0.95,0.75,,,,,,,,,0.05,,1.3
39,LLM_MIX8X7B_T13,19,Male,BM,1b,1,0.45,1,0.1,,,0.9,1,0.25,0.5,,,,,,,,-0.1,-0.25,1.3
40,LLM_MIX8X7B_T13,18,Male,BM,1b,1,0.45,1,0.1,,,0.75,0.95,0.65,0.5,,,,,,,,-0.2,0.15,1.3
41,LLM_MIX8X7B_T13,19,Male,PE,2b,1,0.05,1,0.9,,,1,1,0.7,0.95,,,,,,,,0,-0.25,1.3
42,LLM_MIX8X7B_T13,19,Female,PE,1a,0,0.1,1,0.9,,,0.6,0.8,0.5,0.3,,,,,,,,-0.2,0.2,1.3
43,LLM_MIX8X7B_T13,21,Male,BM,2a,0,0.9,1,0.1,,,0.75,1,0.5,0.95,,,,,,,,-0.25,-0.45,1.3
44,LLM_MIX8X7B_T13,18,Male,BM,2a,1,0.45,0,1.1,,,0.029,0.95,0.009,0.99,,,,,,,,-0.921,-0.981,1.3
45,LLM_MIX8X7B_T13,24,Male,PE,2b,1,0.05,1,0.9,,,1,1,0.4,0.85,,,,,,,,0,-0.45,1.3
46,LLM_MIX8X7B_T13,21,Male,BM,1b,0,,0,,,,0.65,0.98,0.5,0.75,,,,,,,,-0.33,-0.25,1.3
47,LLM_MIX8X7B_T13,19,Female,PE,1a,1,5,1,90,,,1,0.8,0.6,0.5,,,,,,,,0.2,0.1,1.3
48,LLM_MIX8X7B_T13,18,Female,PE,2b,1,0.05,1,0.9,,,0.7,1,0.3,0.6,,,,,,,,-0.3,-0.3,1.3
49,LLM_MIX8X7B_T13,19,Male,PE,1a,0,0.1,0,2.9,,,0.5,0.75,,0.8,,,,,,,,-0.25,,1.3
50,LLM_MIX8X7B_T13,19,Female,BM,1b,1,0.45,1,0.1,,,0.99,1,0.5,0.8,,,,,,,,-0.01,-0.3,1.3
51,LLM_MIX8X7B_T13,20,Female,BM,2a,0,0.1,1,0.1,,,0.65,0.95,-0.4,0.8,,,,,,,,-0.3,-1.2,1.3
52,LLM_MIX8X7B_T13,20,Male,PE,1a,1,0.05,1,0.9,,,0.9,1,0.6,0.9,,,,,,,,-0.1,-0.3,1.3
53,LLM_MIX8X7B_T13,19,Other,BM,1b,1,0.45,1,0.1,,,0.7,1,0.6,0.95,,,,,,,,-0.3,-0.35,1.3
54,LLM_MIX8X7B_T13,21,Male,PE,2b,1,0.05,1,0.9,,,1,1,0.6,0.5,,,,,,,,0,0.1,1.3
55,LLM_MIX8X7B_T13,19,Male,BM,2a,1,0.45,1,0.1,,,0.8,1,0.5,0.67,,,,,,,,-0.2,-0.17,1.3
56,LLM_MIX8X7B_T13,18,Female,BM,2a,1,0.45,1,0.1,,,1,0.9,0.5,0.6,,,,,,,,0.1,-0.1,1.3
57,LLM_MIX8X7B_T13,18,Female,PE,2b,1,0.05,1,0.9,,,1,1,0.8,0.65,,,,,,,,0,0.15,1.3
58,LLM_MIX8X7B_T13,20,Female,PE,1a,1,0.05,1,0.9,,,0.67,1,,,,,,,,,,-0.33,,1.3
59,LLM_MIX8X7B_T13,18,Female,BM,1b,1,0.45,1,0.1,,,0.75,1,0.6,0.95,,,,,,,,-0.25,-0.35,1.3
60,LLM_MIX8X7B_T13,18,Female,PE,1a,0,0.1,1,0.9,,,0.7,1,0.75,0.9,,,,,,,,-0.3,-0.15,1.3
61,LLM_MIX8X7B_T13,20,Female,BM,1b,1,0.45,1,0.1,,,1,1,,0.85,,,,,,,,0,,1.3
62,LLM_MIX8X7B_T13,31,Female,PE,2b,1,0.05,1,0.9,,,0.8,1,0.95,0.75,,,,,,,,-0.2,0.2,1.3
63,LLM_MIX8X7B_T13,18,Male,BM,2a,0,60,1,10,,,1,1,0.5,0.99,,,,,,,,0,-0.49,1.3
64,LLM_MIX8X7B_T13,19,Female,PE,2b,1,0.05,1,0.9,,,0.8,1,0.6,0.85,,,,,,,,-0.2,-0.25,1.3
65,LLM_MIX8X7B_T13,19,Female,BM,1b,1,0.45,1,0.1,,,0.9,0.8,0.8,0.95,,,,,,,,0.1,-0.15,1.3
66,LLM_MIX8X7B_T13,22,Male,BM,2a,1,0.45,1,0.1,,,0.9,0.95,0.67,0.45,,,,,,,,-0.05,0.22,1.3
67,LLM_MIX8X7B_T13,20,Male,PE,1a,1,0.05,1,0.9,,,0.8,0.99,0.5,-0.95,,,,,,,,-0.19,1.45,1.3
68,LLM_MIX8X7B_T13,18,Female,PE,2b,1,0.05,1,0.9,,,0.95,1,0.75,0.95,,,,,,,,-0.05,-0.2,1.3
69,LLM_MIX8X7B_T13,19,Female,PE,1a,1,0.05,1,0.9,,,1,1,0.6,-0.99,,,,,,,,0,1.59,1.3
70,LLM_MIX8X7B_T13,18,Male,PE,1a,1,5,1,0.9,,,0.75,0.98,0.001,0.7,,,,,,,,-0.23,-0.699,1.3
71,LLM_MIX8X7B_T13,18,Female,BM,1b,0,1.4,0,,,,1,1,0.8,0.95,,,,,,,,0,-0.15,1.3
72,LLM_MIX8X7B_T13,20,Male,BM,2a,0,2.9,0,,,,1,1,0.6,-0.1,,,,,,,,0,0.7,1.3
73,LLM_MIX8X7B_T13,20,Female,BM,2a,1,0.45,1,0.1,,,1,1,0.6,0.9,,,,,,,,0,-0.3,1.3
74,LLM_MIX8X7B_T13,22,Male,BM,1b,1,0.45,1,0.1,,,0.9,1,0.87,1,,,,,,,,-0.1,-0.13,1.3
75,LLM_MIX8X7B_T13,19,Female,PE,2b,0,0.1,1,90,,,0.95,0.85,0.85,0.9,,,,,,,,0.1,-0.05,1.3
76,LLM_MIX8X7B_T13,20,Female,PE,2b,1,0.05,1,0.9,,,0.9,1,0.4,0.8,,,,,,,,-0.1,-0.4,1.3
77,LLM_MIX8X7B_T13,19,Female,BM,1b,1,0.45,1,0.1,,,0.75,0.95,0.6,0.8,,,,,,,,-0.2,-0.2,1.3
78,LLM_MIX8X7B_T13,20,Male,BM,2a,0,0.9,1,0.1,,,0.95,0.98,0.6,0.75,,,,,,,,-0.03,-0.15,1.3
79,LLM_MIX8X7B_T13,18,Male,PE,1a,0,0.95,1,0.9,,,1,1,0.4762,0.7341,,,,,,,,0,-0.2579,1.3
80,LLM_MIX8X7B_T13,19,Male,BM,1b,1,0.45,1,0.1,,,0.8,0.75,0.35,0.5,,,,,,,,0.05,-0.15,1.3
81,LLM_MIX8X7B_T13,18,Female,PE,1a,1,0.05,1,0.9,,,0.95,0.75,0.25,0.65,,,,,,,,0.2,-0.4,1.3
82,LLM_MIX8X7B_T13,19,Male,BM,2a,0,1.9,0,1,,,0.65,1,0.8,-0.9,,,,,,,,-0.35,1.7,1.3
83,LLM_MIX8X7B_T13,19,Male,PE,2b,1,0.05,1,0.9,,,0.65,0.85,0.4,0.75,,,,,,,,-0.2,-0.35,1.3
84,LLM_MIX8X7B_T13,19,Male,PE,1a,1,5,1,90,,,1,1,0.3,0.85,,,,,,,,0,-0.55,1.3
85,LLM_MIX8X7B_T13,19,Male,BM,1b,1,0.45,1,0.1,,,1,1,,0.75,,,,,,,,0,,1.3
86,LLM_MIX8X7B_T13,19,Male,PE,2b,0,10,1,90,,,0.9,0.9,0.75,0.75,,,,,,,,0,0,1.3
87,LLM_MIX8X7B_T13,21,Male,BM,2a,1,0.45,1,0.1,,,0.95,1,0.3,0.85,,,,,,,,-0.05,-0.55,1.3
88,LLM_MIX8X7B_T13,22,Female,BM,2a,0,15,1,10,,,1,1,0.4,0.1,,,,,,,,0,0.3,1.3
89,LLM_MIX8X7B_T13,18,Male,BM,1b,0,0.9,1,0.1,,,0.85,1,0.95,0.9,,,,,,,,-0.15,0.05,1.3
90,LLM_MIX8X7B_T13,21,Male,PE,2b,1,5,1,0.9,,,0.9,1,0.5,0.5,,,,,,,,-0.1,0,1.3
91,LLM_MIX8X7B_T13,18,Male,PE,1a,0,0.1,1,90,,,0.95,0.95,0.75,0.85,,,,,,,,0,-0.1,1.3
92,LLM_MIX8X7B_T13,18,Male,BM,1b,1,0.45,1,0.1,,,0.7,0.95,0.35,0.7,,,,,,,,-0.25,-0.35,1.3
93,LLM_MIX8X7B_T13,19,Male,PE,1a,1,0.05,1,0.9,,,0.99,1,0.85,0.98,,,,,,,,-0.01,-0.13,1.3
94,LLM_MIX8X7B_T13,18,Male,BM,2a,1,0.45,1,0.1,,,1,0.95,0.5,0.85,,,,,,,,0.05,-0.35,1.3
95,LLM_MIX8X7B_T13,18,Male,PE,2b,1,0.05,1,0.9,,,1,0.75,0.6,0.35,,,,,,,,0.25,0.25,1.3
96,LLM_MIX8X7B_T13,19,Female,BM,2a,0,35,1,10,,,0.75,1,0.6,0.95,,,,,,,,-0.25,-0.35,1.3
97,LLM_MIX8X7B_T13,20,Female,PE,2b,1,5,1,90,,,0.85,0.85,,0.9,,,,,,,,0,,1.3
98,LLM_MIX8X7B_T13,18,Male,PE,1a,1,0.05,1,0.9,,,1,1,0.01,0.8,,,,,,,,0,-0.79,1.3
99,LLM_MIX8X7B_T13,19,Female,BM,1b,0,2.7,0,1,,,0,0.95,0.65,0.95,,,,,,,,-0.95,-0.3,1.3
100,LLM_MIX8X7B_T13,19,Male,BM,2a,1,0.45,1,0.1,,,1,1,0.7,0.95,,,,,,,,0,-0.25,1.3
101,LLM_MIX8X7B_T13,19,Female,BM,2a,0,0.9,1,0.1,,,1,1,0.95,0.75,,,,,,,,0,0.2,1.3
102,LLM_MIX8X7B_T13,22,Female,BM,1b,1,0.45,1,0.1,,,0.75,0.8,0.75,0.75,,,,,,,,-0.05,0,1.3
103,LLM_MIX8X7B_T13,18,Male,PE,2b,0,0.1,1,0.9,,,0.1,0.5,0.15,0.25,,,,,,,,-0.4,-0.1,1.3
104,LLM_MIX8X7B_T13,20,Male,PE,1a,1,5,1,90,,,1,1,0.4,0.95,,,,,,,,0,-0.55,1.3
105,LLM_MIX8X7B_T13,20,Female,BM,1b,1,0.45,1,0.1,,,0.9,0.9,0.65,0.75,,,,,,,,0,-0.1,1.3
106,LLM_MIX8X7B_T13,18,Female,BM,2a,1,0.45,1,0.1,,,1,1,0.5,0.98,,,,,,,,0,-0.48,1.3
107,LLM_MIX8X7B_T13,22,Male,PE,1a,1,5,1,90,,,1,,,0.95,,,,,,,,,,1.3
108,LLM_MIX8X7B_T13,19,Female,PE,2b,1,0.05,1,0.9,,,0.9,0.75,0.4,0.98,,,,,,,,0.15,-0.58,1.3
109,LLM_MIX8X7B_T13,20,Female,BM,1b,1,45,1,10,,,0.75,0.95,0.6,0.75,,,,,,,,-0.2,-0.15,1.3
110,LLM_MIX8X7B_T13,19,Male,PE,1a,1,0.05,1,0.9,,,1,1,0.8,0.85,,,,,,,,0,-0.05,1.3
111,LLM_MIX8X7B_T13,19,Female,BM,2a,1,0.45,1,0.1,,,0.87,0.95,0.6,0.9,,,,,,,,-0.08,-0.3,1.3
112,LLM_MIX8X7B_T13,19,Male,PE,2b,1,0.05,1,0.9,,,0.95,1,0.85,0.75,,,,,,,,-0.05,0.1,1.3
113,LLM_MIX8X7B_T13,18,Female,PE,2b,1,0.05,1,0.9,,,1,1,0.5,0.95,,,,,,,,0,-0.45,1.3
114,LLM_MIX8X7B_T13,22,Male,BM,1b,0,2,1,0.1,,,0.95,0.011,0.02,0.75,,,,,,,,0.939,-0.73,1.3
115,LLM_MIX8X7B_T13,19,Male,PE,1a,1,0.05,0,2.4,,,0.011,0.75,0.8,0.5,,,,,,,,-0.739,0.3,1.3
116,LLM_MIX8X7B_T13,19,Female,BM,2a,0,0.4,1,10,,,0.75,0.8,0.3,0.6,,,,,,,,-0.05,-0.3,1.3
117,LLM_MIX8X7B_T13,19,Male,BM,1b,1,0.45,1,0.1,,,0.95,0.95,0.65,0.98,,,,,,,,0,-0.33,1.3
118,LLM_MIX8X7B_T13,20,Male,PE,1a,1,5,1,90,,,0.5,0.99,0.1,0.8,,,,,,,,-0.49,-0.7,1.3
119,LLM_MIX8X7B_T13,20,Female,PE,2b,1,0.05,1,0.9,,,1,1,0.6,0.7,,,,,,,,0,-0.1,1.3
120,LLM_MIX8X7B_T13,19,Male,BM,2a,0,0.9,0,1.1,,,0.85,0.6,0.75,0.25,,,,,,,,0.25,0.5,1.3
121,LLM_MIX8X7B_T13,18,Female,PE,1a,0,0.1,1,90,,,0.95,1,0.5,0.98,,,,,,,,-0.05,-0.48,1.3
122,LLM_MIX8X7B_T13,19,Male,BM,2a,1,0.45,1,0.1,,,0.97,0.99,0.8,0.9,,,,,,,,-0.02,-0.1,1.3
123,LLM_MIX8X7B_T13,19,Female,BM,1b,1,45,1,10,,,1,1,0.65,0.85,,,,,,,,0,-0.2,1.3
124,LLM_MIX8X7B_T13,19,Male,PE,2b,0,0.55,1,0.9,,,0.9,0.99,0.65,0.8,,,,,,,,-0.09,-0.15,1.3
125,LLM_MIX8X7B_T13,20,Male,BM,1b,1,0.45,1,0.1,,,0.75,0.85,0.8,0.9,,,,,,,,-0.1,-0.1,1.3
126,LLM_MIX8X7B_T13,18,Male,BM,2a,0,90,1,10,,,1,1,0.75,0.85,,,,,,,,0,-0.1,1.3
127,LLM_MIX8X7B_T13,19,Male,PE,1a,1,0.05,1,0.9,,,0.75,0.85,0.25,0.4,,,,,,,,-0.1,-0.15,1.3
128,LLM_MIX8X7B_T13,18,Male,PE,1a,1,5,1,90,,,0.92,0.98,0.7,0.65,,,,,,,,-0.06,0.05,1.3
129,LLM_MIX8X7B_T13,32,Female,BM,2a,0,10,1,10,,,,,-0.7,0.85,,,,,,,,,-1.55,1.3
130,LLM_MIX8X7B_T13,44,Male,PE,1a,1,0.05,1,0.9,,,0.9,0.8,0.35,0.6,,,,,,,,0.1,-0.25,1.3
131,LLM_MIX8X7B_T13,27,Male,PE,1a,0,0.1,1,0.9,,,1,1,0.5,0.8,,,,,,,,0,-0.3,1.3
132,LLM_MIX8X7B_T13,33,Male,PE,1a,1,5,1,90,,,0.8,1,0.04,0.75,,,,,,,,-0.2,-0.71,1.3
133,LLM_MIX8X7B_T13,35,Male,PE,1a,1,5,1,90,,,1,1,0.5,0.75,,,,,,,,0,-0.25,1.3
134,LLM_MIX8X7B_T13,37,Male,BM,1b,1,45,1,10,,,0.8,0.98,0.65,0.65,,,,,,,,-0.18,0,1.3
135,LLM_MIX8X7B_T13,23,Male,BM,1b,0,2,0,1.1,,,1,1,0.7,0.95,,,,,,,,0,-0.25,1.3
136,LLM_MIX8X7B_T13,29,Male,PE,2b,1,0.05,1,0.9,,,0.93,0.85,0.25,0.55,,,,,,,,0.08,-0.3,1.3
137,LLM_MIX8X7B_T13,26,Male,PE,2b,0,,1,90,,,0.4,0.53,,0.01,,,,,,,,-0.13,,1.3
138,LLM_MIX8X7B_T13,34,Female,BM,1b,1,0.45,1,0.1,,,0.95,1,-0.8,0.95,,,,,,,,-0.05,-1.75,1.3
139,LLM_MIX8X7B_T13,25,Male,BM,1b,1,0.45,1,0.1,,,0.7,0.001,0.0095,0.85,,,,,,,,0.699,-0.8405,1.3
140,LLM_MIX8X7B_T13,34,Female,PE,1a,0,0.1,1,0.9,,,0.95,0.8,0.95,-0.5,,,,,,,,0.15,1.45,1.3
141,LLM_MIX8X7B_T13,37,Female,PE,1a,1,0.05,1,0.9,,,0.0005,,0.011,0.75,,,,,,,,,-0.739,1.3
142,LLM_MIX8X7B_T13,32,Female,PE,2b,1,0.05,1,0.9,,,0.6,1,0.75,0.95,,,,,,,,-0.4,-0.2,1.3
143,LLM_MIX8X7B_T13,31,Female,BM,2a,1,0.45,1,0.1,,,1,1,0.8,0.9,,,,,,,,0,-0.1,1.3
144,LLM_MIX8X7B_T13,28,Male,PE,1a,0,10,0,2.9,,,1,1,,-0.8,,,,,,,,0,,1.3
145,LLM_MIX8X7B_T13,46,Male,BM,1b,1,45,1,10,,,0.75,0.98,0.05,0.8,,,,,,,,-0.23,-0.75,1.3
146,LLM_MIX8X7B_T13,50,Female,PE,2b,1,0.05,1,0.9,,,1,1,0.85,0.95,,,,,,,,0,-0.1,1.3
147,LLM_MIX8X7B_T13,27,Female,PE,2b,1,0.05,1,0.9,,,1,1,0.6,-0.9,,,,,,,,0,1.5,1.3
148,LLM_MIX8X7B_T13,53,Female,PE,2b,1,0.05,1,0.9,,,1,0.85,0.6,0.4,,,,,,,,0.15,0.2,1.3
149,LLM_MIX8X7B_T13,28,Male,PE,2b,0,1,1,0.9,,,1,0.95,0.95,0.95,,,,,,,,0.05,0,1.3
150,LLM_MIX8X7B_T13,50,Female,BM,1b,1,0.45,1,0.1,,,1,1,0.7,0.8,,,,,,,,0,-0.1,1.3
151,LLM_MIX8X7B_T13,38,Male,BM,1b,1,0.45,1,0.1,,,0.95,0.99,0.65,0.75,,,,,,,,-0.04,-0.1,1.3
152,LLM_MIX8X7B_T13,32,Male,PE,1a,1,0.05,0,2,,,0.97,0.75,0.3,0.4,,,,,,,,0.22,-0.1,1.3
153,LLM_MIX8X7B_T13,47,Female,PE,1a,0,0.1,1,0.9,,,0.95,0.95,0.5,0.75,,,,,,,,0,-0.25,1.3
154,LLM_MIX8X7B_T13,36,Female,BM,2a,0,2.5,1,0.1,,,0.8,0.9,0.75,-0.9,,,,,,,,-0.1,1.65,1.3
155,LLM_MIX8X7B_T13,59,Female,BM,1b,1,0.45,1,0.1,,,0.8,1,0.6,0.7,,,,,,,,-0.2,-0.1,1.3
156,LLM_MIX8X7B_T13,27,Male,PE,2b,0,,1,0.9,,,1,1,0.9,0.9,,,,,,,,0,0,1.3
157,LLM_MIX8X7B_T13,29,Female,BM,1b,1,0.45,1,0.1,,,0.6,0.9,0.3,0.7,,,,,,,,-0.3,-0.4,1.3
158,LLM_MIX8X7B_T13,33,Female,BM,2a,1,0.45,1,0.1,,,0.8,1,0.7,0.65,,,,,,,,-0.2,0.05,1.3
159,LLM_MIX8X7B_T13,33,Female,BM,2a,0,0.7,0,1,,,0.85,0.9,0.4,0.25,,,,,,,,-0.05,0.15,1.3
160,LLM_MIX8X7B_T13,38,Male,BM,1b,1,0.45,1,0.1,,,0.95,1,0.7,0.65,,,,,,,,-0.05,0.05,1.3
161,LLM_MIX8X7B_T13,42,Male,BM,1b,0,0.9,1,0.1,,,0.98,0.95,0.65,0.8,,,,,,,,0.03,-0.15,1.3
162,LLM_MIX8X7B_T13,47,Male,BM,1b,1,45,1,10,,,0.9,0.99,0.02,0.95,,,,,,,,-0.09,-0.93,1.3
163,LLM_MIX8X7B_T13,30,Female,BM,2a,1,0.45,1,0.1,,,1,1,0.6,0.75,,,,,,,,0,-0.15,1.3
164,LLM_MIX8X7B_T13,60,Male,PE,1a,1,5,1,90,,,0.95,1,0.2,0.9,,,,,,,,-0.05,-0.7,1.3
165,LLM_MIX8X7B_T13,26,Male,BM,2a,1,0.45,1,0.1,,,0.8,1,0.5,0.75,,,,,,,,-0.2,-0.25,1.3
166,LLM_MIX8X7B_T13,25,Male,BM,2a,0,3,1,10,,,1,0.95,0.3,0.7,,,,,,,,0.05,-0.4,1.3
167,LLM_MIX8X7B_T13,55,Male,PE,1a,0,0.9,1,0.9,,,1,1,0.2,0.5,,,,,,,,0,-0.3,1.3
168,LLM_MIX8X7B_T13,49,Male,PE,1a,1,5,1,90,,,1,1,0.75,0.8,,,,,,,,0,-0.05,1.3
169,LLM_MIX8X7B_T13,30,Male,PE,1a,1,0.05,1,0.9,,,0.99,0.99,0.5,0.8,,,,,,,,0,-0.3,1.3
170,LLM_MIX8X7B_T13,24,Male,BM,1b,1,0.45,1,0.1,,,1,1,0.7,0.95,,,,,,,,0,-0.25,1.3
171,LLM_MIX8X7B_T13,38,Male,BM,2a,1,0.45,1,0.1,,,0.7,0.8,0.3,0.6,,,,,,,,-0.1,-0.3,1.3
172,LLM_MIX8X7B_T13,22,Male,PE,2b,0,10,1,0.9,,,0.9,0.85,0.3,0.5,,,,,,,,0.05,-0.2,1.3
173,LLM_MIX8X7B_T13,27,Male,PE,2b,1,0.05,1,0.9,,,0.8,1,0.4,0.5,,,,,,,,-0.2,-0.1,1.3
174,LLM_MIX8X7B_T13,30,Male,PE,1a,0,0.95,1,90,,,0.009,,0.5,0.6,,,,,,,,,-0.1,1.3
175,LLM_MIX8X7B_T13,25,Female,PE,1a,0,0.1,1,90,,,0.9,0.8,0.7,0.5,,,,,,,,0.1,0.2,1.3
176,LLM_MIX8X7B_T13,25,Male,PE,1a,1,0.05,1,0.9,,,0.76,0.87,0.5,0.75,,,,,,,,-0.11,-0.25,1.3
177,LLM_MIX8X7B_T13,46,Male,BM,1b,0,3.3,0,,,,1,0.98,0.98,0.95,,,,,,,,0.02,0.03,1.3
178,LLM_MIX8X7B_T13,50,Male,PE,2b,1,0.05,1,0.9,,,0.6,0.9,0.1,0.9,,,,,,,,-0.3,-0.8,1.3
179,LLM_MIX8X7B_T13,53,Female,BM,2a,1,0.45,1,0.1,,,1,1,0.7,0.85,,,,,,,,0,-0.15,1.3
180,LLM_MIX8X7B_T13,27,Male,BM,1b,1,0.45,1,0.1,,,0.95,0.95,0.6,0.8,,,,,,,,0,-0.2,1.3
181,LLM_MIX8X7B_T13,36,Female,PE,2b,1,0.05,1,0.9,,,0.9,1,0.35,0.8,,,,,,,,-0.1,-0.45,1.3
182,LLM_MIX8X7B_T13,27,Male,PE,2b,1,0.05,1,0.9,,,0.95,0.85,0.75,0.65,,,,,,,,0.1,0.1,1.3
183,LLM_MIX8X7B_T13,26,Male,BM,1b,0,2,1,10,,,,0.95,0.75,0.85,,,,,,,,,-0.1,1.3
184,LLM_MIX8X7B_T13,27,Female,BM,2a,0,2,0,1.1,,,0.95,0.95,0.5,0.8,,,,,,,,0,-0.3,1.3
185,LLM_MIX8X7B_T13,54,Male,BM,1b,1,45,1,0.1,,,0.1,0.8,0.5,0.25,,,,,,,,-0.7,0.25,1.3
186,LLM_MIX8X7B_T13,35,Male,PE,2b,1,0.05,1,0.9,,,0.65,1,0.4,0.75,,,,,,,,-0.35,-0.35,1.3
187,LLM_MIX8X7B_T13,44,Female,PE,1a,0,0.1,1,90,,,0.9,0.75,0.5,0.005,,,,,,,,0.15,0.495,1.3
188,LLM_MIX8X7B_T13,35,Female,PE,2b,1,0.05,1,0.9,,,,,-0.35,0.8,,,,,,,,,-1.15,1.3
189,LLM_MIX8X7B_T13,38,Male,BM,2a,1,0.45,1,0.1,,,1,1,0.9,0.95,,,,,,,,0,-0.05,1.3
190,LLM_MIX8X7B_T13,26,Female,BM,1b,0,3,1,0.1,,,1,1,0.65,0.75,,,,,,,,0,-0.1,1.3
191,LLM_MIX8X7B_T13,61,Female,PE,2b,0,10,1,90,,,0.6,1,0.4,0.95,,,,,,,,-0.4,-0.55,1.3
192,LLM_MIX8X7B_T13,50,Male,PE,1a,0,0.1,0,0.7,,,0.0005,0.95,0.7,0.9,,,,,,,,-0.9495,-0.2,1.3
193,LLM_MIX8X7B_T13,59,Male,PE,1a,0,0.1,1,0.9,,,1,1,0.5,-0.75,,,,,,,,0,1.25,1.3
194,LLM_MIX8X7B_T13,39,Male,BM,1b,0,2.75,0,1.1,,,,1,,,,,,,,,,,,1.3
195,LLM_MIX8X7B_T13,37,Male,BM,2a,1,0.45,1,0.1,,,0.98,0.95,0.9,0.85,,,,,,,,0.03,0.05,1.3
196,LLM_MIX8X7B_T13,29,Male,BM,2a,1,0.45,1,0.1,,,1,1,0.7,0.85,,,,,,,,0,-0.15,1.3
197,LLM_MIX8X7B_T13,27,Male,BM,1b,0,74,1,0.1,,,0.8,0.85,0.75,0.6,,,,,,,,-0.05,0.15,1.3
198,LLM_MIX8X7B_T13,31,Male,PE,1a,0,0.1,1,0.9,,,0.95,0.85,0.6,0.75,,,,,,,,0.1,-0.15,1.3
199,LLM_MIX8X7B_T13,26,Male,PE,2b,1,0.05,1,0.9,,,0.9,0.85,0.65,0.75,,,,,,,,0.05,-0.1,1.3
200,LLM_MIX8X7B_T13,35,Male,BM,2a,0,0.9,0,1.1,,,0.85,0.9,0.5,0.7,,,,,,,,-0.05,-0.2,1.3
201,LLM_MIX8X7B_T13,25,Male,BM,2a,1,0.45,0,1.1,,,0.8,1,0.35,0.95,,,,,,,,-0.2,-0.6,1.3
202,LLM_MIX8X7B_T13,25,Male,PE,1a,0,,0,,,,1,,0.8,1,,,,,,,,,-0.2,1.3
203,LLM_MIX8X7B_T13,42,Male,PE,1a,1,0.05,1,0.9,,,0.9,0.99,0.8,0.95,,,,,,,,-0.09,-0.15,1.3
204,LLM_MIX8X7B_T13,33,Male,PE,1a,1,0.05,1,0.9,,,1,1,0.9,0.4,,,,,,,,0,0.5,1.3
205,LLM_MIX8X7B_T13,27,Male,PE,2b,1,0.05,1,0.9,,,0.85,0.9,0.3,0.5,,,,,,,,-0.05,-0.2,1.3
206,LLM_MIX8X7B_T13,26,Male,BM,1b,0,2.9,1,0.1,,,0.8,0.95,0.4,0.5,,,,,,,,-0.15,-0.1,1.3
207,LLM_MIX8X7B_T13,31,Female,BM,2a,1,0.45,1,0.1,,,1,1,0.8,0.9,,,,,,,,0,-0.1,1.3
208,LLM_MIX8X7B_T13,33,Male,BM,1b,1,0.45,1,10,,,0.75,0.95,0.35,0.6,,,,,,,,-0.2,-0.25,1.3
209,LLM_MIX8X7B_T13,38,Female,BM,2a,1,0.45,1,0.1,,,0.5,1,0.5,-0.75,,,,,,,,-0.5,1.25,1.3
210,LLM_MIX8X7B_T13,36,Female,BM,1b,0,2,1,10,,,1,1,0.8,0.95,,,,,,,,0,-0.15,1.3
211,LLM_MIX8X7B_T13,28,Male,PE,2b,1,0.05,1,0.9,,,0.6,1,0.4,0.6,,,,,,,,-0.4,-0.2,1.3
212,LLM_MIX8X7B_T13,25,Male,PE,2b,0,0.1,1,0.9,,,0.95,1,0.3,0.8,,,,,,,,-0.05,-0.5,1.3
213,LLM_MIX8X7B_T13,56,Male,BM,2a,1,0.45,1,0.1,,,1,1,0.85,0.85,,,,,,,,0,0,1.3
214,LLM_MIX8X7B_T13,37,Male,PE,2b,1,0.05,1,0.9,,,0.6,0.85,0.3,0.6,,,,,,,,-0.25,-0.3,1.3
215,LLM_MIX8X7B_T13,34,Male,BM,2a,1,0.45,1,0.1,,,0.85,0.85,0.75,0.75,,,,,,,,0,0,1.3
216,LLM_MIX8X7B_T13,25,Male,BM,1b,0,2,1,10,,,0.95,0.98,0.75,0.65,,,,,,,,-0.03,0.1,1.3
217,LLM_MIX8X7B_T13,38,Male,PE,1a,1,0.05,1,0.9,,,1,1,0.9,0.8,,,,,,,,0,0.1,1.3
218,LLM_MIX8X7B_T13,36,Female,BM,2a,1,0.45,1,0.1,,,0.95,1,0.75,0.6,,,,,,,,-0.05,0.15,1.3
219,LLM_MIX8X7B_T13,39,Male,PE,2b,0,0.1,1,90,,,0.95,0.99,0.55,0.7,,,,,,,,-0.04,-0.15,1.3
220,LLM_MIX8X7B_T13,30,Male,BM,1b,0,,1,0.1,,,1,1,0.02,0.8,,,,,,,,0,-0.78,1.3
221,LLM_MIX8X7B_T13,41,Male,PE,1a,1,0.05,1,0.9,,,0.95,0.8,0.6,0.5,,,,,,,,0.15,0.1,1.3
222,LLM_MIX8X7B_T13,36,Male,BM,2a,1,0.45,1,0.1,,,1,1,1,0.95,,,,,,,,0,0.05,1.3
223,LLM_MIX8X7B_T13,34,Female,BM,1b,0,,1,10,,,0.75,1,,0.85,,,,,,,,-0.25,,1.3
224,LLM_MIX8X7B_T13,26,Female,BM,2a,1,0.45,1,0.1,,,1,0.95,0.6,0.95,,,,,,,,0.05,-0.35,1.3
225,LLM_MIX8X7B_T13,36,Female,PE,1a,1,0.05,1,0.9,,,1,1,0.95,0.7,,,,,,,,0,0.25,1.3
226,LLM_MIX8X7B_T13,51,Male,PE,1a,1,5,1,90,,,0.8,0.95,0.6,0.3,,,,,,,,-0.15,0.3,1.3
227,LLM_MIX8X7B_T13,29,Male,PE,2b,1,0.05,1,0.9,,,0.8,1,0.4,0.6,,,,,,,,-0.2,-0.2,1.3
228,LLM_MIX8X7B_T13,29,Male,PE,2b,1,0.05,1,0.9,,,0.95,0.95,0.6,0.87,,,,,,,,0,-0.27,1.3
229,LLM_MIX8X7B_T13,19,Male,PE,1a,0,0.1,1,0.9,,,0.9,0.95,0.7,0.9,,,,,,,,-0.05,-0.2,1.3
230,LLM_MIX8X7B_T13,29,Female,BM,2a,0,0.9,1,0.1,,,0.85,1,0.6,0.9,,,,,,,,-0.15,-0.3,1.3
231,LLM_MIX8X7B_T13,24,Male,PE,1a,1,0.05,1,0.9,,,0.9,0.9,0.5,0.6,,,,,,,,0,-0.1,1.3
232,LLM_MIX8X7B_T13,32,Female,BM,1b,1,0.45,1,0.1,,,0.95,1,-0.9,0.75,,,,,,,,-0.05,-1.65,1.3
233,LLM_MIX8X7B_T13,28,Male,BM,1b,1,0.45,1,0.1,,,0.99,0.95,0.009,,,,,,,,,0.04,,1.3
234,LLM_MIX8X7B_T13,30,Female,BM,1b,1,45,0,,,,,1,,,,,,,,,,,,1.3
235,LLM_MIX8X7B_T13,37,Male,PE,2b,1,0.05,1,0.9,,,1,0.9,0.6,0.85,,,,,,,,0.1,-0.25,1.3
236,LLM_MIX8X7B_T13,23,Male,PE,1a,0,0.1,0,2,,,0.01,,0.85,,,,,,,,,,,1.3
237,LLM_MIX8X7B_T13,32,Female,PE,2b,1,0.05,1,0.9,,,1,1,0.5,0.85,,,,,,,,0,-0.35,1.3
238,LLM_MIX8X7B_T13,42,Male,BM,2a,0,0.9,1,0.1,,,0.99,0.99,0.5,-0.85,,,,,,,,0,1.35,1.3
239,LLM_MIX8X7B_T13,41,Male,BM,2a,1,0.45,1,0.1,,,0.78,0.97,0.33,0.9,,,,,,,,-0.19,-0.57,1.3
240,LLM_MIX8X7B_T13,30,Male,PE,1a,0,0.1,1,0.9,,,0.8,0.8,0.5,0.8,,,,,,,,0,-0.3,1.3
241,LLM_MIX8X7B_T13,34,Female,BM,1b,0,0.7,1,0.1,,,0.99,1,0.75,0.95,,,,,,,,-0.01,-0.2,1.3
242,LLM_MIX8X7B_T13,32,Female,BM,1b,1,0.45,1,0.1,,,0.85,0.85,0.7,0.7,,,,,,,,0,0,1.3
243,LLM_MIX8X7B_T13,39,Male,PE,1a,1,0.05,1,0.9,,,0.8,0.85,0.75,0.9,,,,,,,,-0.05,-0.15,1.3
244,LLM_MIX8X7B_T13,31,Male,BM,1b,1,45,1,10,,,1,1,0.6,0.85,,,,,,,,0,-0.25,1.3
245,LLM_MIX8X7B_T13,30,Male,BM,2a,1,0.45,1,0.1,,,0.68,0.001,0.6,0.95,,,,,,,,0.679,-0.35,1.3
246,LLM_MIX8X7B_T13,30,Male,BM,2a,1,0.45,1,0.1,,,1,1,0.02,-0.6,,,,,,,,0,0.62,1.3
247,LLM_MIX8X7B_T13,54,Female,PE,1a,0,10,1,0.9,,,0.7,1,0.2,-0.7,,,,,,,,-0.3,0.9,1.3
248,LLM_MIX8X7B_T13,65,Male,BM,2a,0,2,1,10,,,0.8,0.7,0.95,0.6,,,,,,,,0.1,0.35,1.3
249,LLM_MIX8X7B_T13,24,Male,BM,1b,0,2,1,0.1,,,0.85,0.95,0.05,0.0005,,,,,,,,-0.1,0.0495,1.3
250,LLM_MIX8X7B_T13,24,Male,PE,2b,1,0.05,1,0.9,,,0.85,1,0.5,0.6,,,,,,,,-0.15,-0.1,1.3
251,LLM_MIX8X7B_T13,32,Male,BM,2a,1,0.45,1,0.1,,,0.85,1,0.9,0.75,,,,,,,,-0.15,0.15,1.3
252,LLM_MIX8X7B_T13,30,Male,PE,1a,0,10,1,90,,,0.85,0.85,0.9,0.75,,,,,,,,0,0.15,1.3
253,LLM_MIX8X7B_T13,28,Male,PE,1a,0,0.1,1,0.9,,,0.9,0.8,0.6,0.7,,,,,,,,0.1,-0.1,1.3
254,LLM_MIX8X7B_T13,40,Male,PE,2b,0,10,1,0.9,,,0.95,1,0.5,0.85,,,,,,,,-0.05,-0.35,1.3
255,LLM_MIX8X7B_T13,47,Female,BM,1b,0,,0,,,,1,0.85,0.95,0.95,,,,,,,,0.15,0,1.3
256,LLM_MIX8X7B_T13,35,Male,PE,1a,1,0.05,1,0.9,,,1,1,0.85,0.65,,,,,,,,0,0.2,1.3
257,LLM_MIX8X7B_T13,18,Male,PE,2b,1,0.05,1,0.9,,,0.9,1,0.8,0.75,,,,,,,,-0.1,0.05,1.3
258,LLM_MIX8X7B_T13,19,Female,PE,2b,0,1,1,0.9,,,0.99,0.99,0.5,0.009,,,,,,,,0,0.491,1.3
259,LLM_MIX8X7B_T13,19,Male,BM,2a,0,75,1,10,,,0.99,1,0.45,0.86,,,,,,,,-0.01,-0.41,1.3
260,LLM_MIX8X7B_T13,18,Male,BM,1b,1,0.45,1,0.1,,,1,0.6,0.8,0.2,,,,,,,,0.4,0.6,1.3
261,LLM_MIX8X7B_T13,20,Female,PE,1a,1,0.05,1,0.9,,,1,1,0.6,0.8,,,,,,,,0,-0.2,1.3
262,LLM_MIX8X7B_T13,19,Female,PE,2b,0,1,1,0.9,,,0.7,1,0.3,0.65,,,,,,,,-0.3,-0.35,1.3
263,LLM_MIX8X7B_T13,19,Male,PE,1a,1,5,1,90,,,0.7,0.6,0.8,0.4,,,,,,,,0.1,0.4,1.3
264,LLM_MIX8X7B_T13,20,Male,BM,2a,0,0.9,1,0.1,,,0.8,1,0.95,1,,,,,,,,-0.2,-0.05,1.3
265,LLM_MIX8X7B_T13,19,Female,PE,2b,0,0.1,1,0.9,,,0.7,0.85,0.6,0.95,,,,,,,,-0.15,-0.35,1.3
266,LLM_MIX8X7B_T13,18,Male,PE,1a,1,0.05,1,0.9,,,0.99,0.99,0.6,0.85,,,,,,,,0,-0.25,1.3
267,LLM_MIX8X7B_T13,19,Male,BM,1b,0,70,1,10,,,0.85,0.75,0.8,0.5,,,,,,,,0.1,0.3,1.3
268,LLM_MIX8X7B_T13,19,Male,BM,1b,1,0.45,1,0.1,,,0.6,0.5,0.3,0.25,,,,,,,,0.1,0.05,1.3
269,LLM_MIX8X7B_T13,19,Male,BM,1b,1,0.45,1,10,,,0.9,0.9,0.7,0.5,,,,,,,,0,0.2,1.3
270,LLM_MIX8X7B_T13,19,Female,BM,2a,0,0.9,1,0.1,,,0.67,1,0.4,0.85,,,,,,,,-0.33,-0.45,1.3
271,LLM_MIX8X7B_T13,19,Female,PE,1a,1,0.05,1,0.9,,,0.75,0.95,0.5,0.8,,,,,,,,-0.2,-0.3,1.3
272,LLM_MIX8X7B_T13,19,Female,BM,1b,0,2,1,10,,,0.97,0.001,-0.95,-0.9,,,,,,,,0.969,-0.05,1.3
273,LLM_MIX8X7B_T13,20,Male,BM,2a,1,0.45,1,0.1,,,0.95,1,0.8,1,,,,,,,,-0.05,-0.2,1.3
274,LLM_MIX8X7B_T13,18,Female,PE,2b,1,5,1,90,,,0.85,0.5,-0.5,0.75,,,,,,,,0.35,-1.25,1.3
275,LLM_MIX8X7B_T13,19,Male,BM,1b,1,0.45,1,0.1,,,1,1,0.5,1,,,,,,,,0,-0.5,1.3
276,LLM_MIX8X7B_T13,21,Male,BM,1b,1,0.45,1,0.1,,,1,1,0.75,0.99,,,,,,,,0,-0.24,1.3
277,LLM_MIX8X7B_T13,20,Female,BM,1b,0,2.9,1,0.1,,,0.6,0.85,0.45,0.75,,,,,,,,-0.25,-0.3,1.3
278,LLM_MIX8X7B_T13,20,Male,BM,1b,0,2,1,0.1,,,0.95,1,0.3,0.95,,,,,,,,-0.05,-0.65,1.3
279,LLM_MIX8X7B_T13,19,Male,BM,1b,0,2,1,0.1,,,1,1,0.6,0.75,,,,,,,,0,-0.15,1.3
280,LLM_MIX8X7B_T13,21,Female,BM,2a,1,0.45,1,0.1,,,0.85,0.75,0.3,0.6,,,,,,,,0.1,-0.3,1.3
281,LLM_MIX8X7B_T13,19,Female,PE,1a,1,0.05,1,0.9,,,0.9,0.98,0.75,0.95,,,,,,,,-0.08,-0.2,1.3
282,LLM_MIX8X7B_T13,21,Male,PE,1a,1,0.05,0,2,,,0.75,0.75,0.45,0.25,,,,,,,,0,0.2,1.3
283,LLM_MIX8X7B_T13,29,Male,BM,1b,1,0.45,1,0.1,,,0.85,1,0.45,0.75,,,,,,,,-0.15,-0.3,1.3
284,LLM_MIX8X7B_T13,24,Male,BM,1b,0,2,1,0.1,,,1,1,-0.8,-0.55,,,,,,,,0,-0.25,1.3
285,LLM_MIX8X7B_T13,30,Male,PE,2b,1,0.05,1,0.9,,,0.7,0.9,0.65,0.85,,,,,,,,-0.2,-0.2,1.3
286,LLM_MIX8X7B_T13,40,Female,PE,1a,0,0.1,1,0.9,,,1,1,0.011,0.95,,,,,,,,0,-0.939,1.3
287,LLM_MIX8X7B_T13,37,Male,PE,2b,1,0.05,1,0.9,,,0.6,0.029,0.75,0.6,,,,,,,,0.571,0.15,1.3
288,LLM_MIX8X7B_T13,28,Male,PE,1a,1,0.05,1,0.9,,,0.95,1,0.7,0.8,,,,,,,,-0.05,-0.1,1.3
289,LLM_MIX8X7B_T13,29,Male,PE,1a,0,0.1,1,90,,,0.85,0.8,0.75,0.65,,,,,,,,0.05,0.1,1.3
290,LLM_MIX8X7B_T13,29,Female,BM,2a,0,50,1,10,,,0.9,0.99,0.5,-0.9,,,,,,,,-0.09,1.4,1.3
291,LLM_MIX8X7B_T13,24,Male,PE,2b,0,0.5,1,90,,,0.85,0.85,0.45,0.009,,,,,,,,0,0.441,1.3
292,LLM_MIX8X7B_T13,42,Female,BM,2a,0,0.35,1,0.1,,,0.85,1,0.7,0.9,,,,,,,,-0.15,-0.2,1.3
293,LLM_MIX8X7B_T13,24,Male,PE,2b,1,0.05,1,0.9,,,0.6,1,0.4,0.8,,,,,,,,-0.4,-0.4,1.3
294,LLM_MIX8X7B_T13,41,Female,BM,2a,0,0.9,1,10,,,1,1,0.75,0.85,,,,,,,,0,-0.1,1.3
295,LLM_MIX8X7B_T13,21,Male,PE,2b,1,5,1,0.9,,,0.8,1,0.6,0.6,,,,,,,,-0.2,0,1.3
296,LLM_MIX8X7B_T13,23,Female,BM,2a,0,50,1,10,,,0.8,0.99,0.25,0.75,,,,,,,,-0.19,-0.5,1.3
297,LLM_MIX8X7B_T13,21,Male,BM,2a,1,0.45,1,0.1,,,0.0045,1,0.0035,0.85,,,,,,,,-0.9955,-0.8465,1.3
298,LLM_MIX8X7B_T13,22,Male,PE,2b,1,0.05,1,0.9,,,0.75,1,0.3,0.9,,,,,,,,-0.25,-0.6,1.3
299,LLM_MIX8X7B_T13,20,Female,BM,2a,1,0.45,1,0.1,,,0.8,0.9,0.6,0.8,,,,,,,,-0.1,-0.2,1.3
300,LLM_MIX8X7B_T13,26,Female,BM,1b,0,,0,,,,0.9,0.85,0.98,0.97,,,,,,,,0.05,0.01,1.3
301,LLM_MIX8X7B_T13,28,Female,BM,1b,1,0.45,1,0.1,,,1,1,0.35,0.95,,,,,,,,0,-0.6,1.3
302,LLM_MIX8X7B_T13,29,Male,BM,2a,1,0.45,1,0.1,,,1,1,0.3,0.7,,,,,,,,0,-0.4,1.3
303,LLM_MIX8X7B_T13,23,Male,PE,2b,1,0.05,1,0.9,,,0.6,1,0.4,0.7,,,,,,,,-0.4,-0.3,1.3
304,LLM_MIX8X7B_T13,29,Male,BM,1b,1,0.45,1,0.1,,,,,0.25,0.65,,,,,,,,,-0.4,1.3
305,LLM_MIX8X7B_T13,27,Male,BM,2a,0,2,0,1,,,0.85,1,-0.9,0.95,,,,,,,,-0.15,-1.85,1.3
306,LLM_MIX8X7B_T13,25,Male,BM,1b,1,0.45,1,0.1,,,1,0.9,0.85,0.75,,,,,,,,0.1,0.1,1.3
307,LLM_MIX8X7B_T13,22,Male,BM,1b,1,45,1,10,,,0.99,0.1,0.6,0.9,,,,,,,,0.89,-0.3,1.3
308,LLM_MIX8X7B_T13,24,Female,PE,1a,1,0.05,1,0.9,,,0.85,0.95,0.85,0.85,,,,,,,,-0.1,0,1.3
309,LLM_MIX8X7B_T13,22,Male,PE,1a,0,0.1,1,0.9,,,0.5,0.8,0.65,0.75,,,,,,,,-0.3,-0.1,1.3
310,LLM_MIX8X7B_T13,24,Female,BM,2a,0,0.9,1,0.1,,,1,1,0.75,-0.9,,,,,,,,0,1.65,1.3
311,LLM_MIX8X7B_T13,26,Male,PE,2b,1,0.05,1,0.9,,,0.8,1,0.2,0.5,,,,,,,,-0.2,-0.3,1.3
312,LLM_MIX8X7B_T13,25,Male,PE,1a,1,0.05,1,0.9,,,0.9,0.97,0.6,0.6,,,,,,,,-0.07,0,1.3
313,LLM_MIX8X7B_T13,23,Male,PE,1a,0,0.1,1,0.9,,,0.8,0.8,0.1,0.65,,,,,,,,0,-0.55,1.3
314,LLM_MIX8X7B_T13,28,Male,BM,2a,0,0.9,0,,,,0.99,0.05,0.45,0.25,,,,,,,,0.94,0.2,1.3
315,LLM_MIX8X7B_T13,24,Male,PE,2b,1,0.05,1,90,,,,0.85,0.9,0.7,,,,,,,,,0.2,1.3
316,LLM_MIX8X7B_T13,35,Female,PE,2b,1,0.05,1,0.9,,,0.9,0.75,0.85,0.7,,,,,,,,0.15,0.15,1.3
317,LLM_MIX8X7B_T13,25,Male,PE,2b,1,0.05,1,0.9,,,1,1,0.4,0.7,,,,,,,,0,-0.3,1.3
318,LLM_MIX8X7B_T13,20,Male,BM,2a,1,0.45,1,0.1,,,1,1,0.8,0.8,,,,,,,,0,0,1.3
319,LLM_MIX8X7B_T13,23,Male,BM,2a,1,0.45,1,10,,,0.78,0.99,0.95,0.85,,,,,,,,-0.21,0.1,1.3
320,LLM_MIX8X7B_T13,39,Male,PE,2b,1,0.05,1,0.9,,,0.8,0.95,0.7,0.9,,,,,,,,-0.15,-0.2,1.3
321,LLM_MIX8X7B_T13,23,Male,BM,2a,1,0.45,0,1,,,1,,0.3,-0.8,,,,,,,,,1.1,1.3
322,LLM_MIX8X7B_T13,20,Male,PE,2b,1,0.05,1,0.9,,,0.95,0.9,0.9,0.8,,,,,,,,0.05,0.1,1.3
323,LLM_MIX8X7B_T13,21,Male,PE,1a,1,5,1,90,,,0.9,0.9,0.7,0.9,,,,,,,,0,-0.2,1.3
324,LLM_MIX8X7B_T13,23,Male,BM,2a,0,0.9,0,1,,,1,1,0.02,0.95,,,,,,,,0,-0.93,1.3
325,LLM_MIX8X7B_T13,39,Female,PE,2b,1,0.05,1,0.9,,,0.8,0.95,,0.6,,,,,,,,-0.15,,1.3
326,LLM_MIX8X7B_T13,24,Male,PE,1a,0,0.1,1,0.9,,,0.8,0.95,0.7,0.9,,,,,,,,-0.15,-0.2,1.3
327,LLM_MIX8X7B_T13,46,Female,PE,2b,1,0.05,1,0.9,,,1,0.85,0.2,0.75,,,,,,,,0.15,-0.55,1.3
328,LLM_MIX8X7B_T13,24,Male,PE,1a,0,10,0,2,,,0.85,1,,,,,,,,,,-0.15,,1.3
329,LLM_MIX8X7B_T13,21,Female,PE,1a,0,0.1,1,90,,,1,0.8,0.5,0.7,,,,,,,,0.2,-0.2,1.3
330,LLM_MIX8X7B_T13,21,Male,PE,2b,1,0.05,1,0.9,,,0.75,1,0.6,0.85,,,,,,,,-0.25,-0.25,1.3
331,LLM_MIX8X7B_T13,32,Male,BM,1b,0,2,1,0.1,,,1,0.85,0.8,0.9,,,,,,,,0.15,-0.1,1.3
332,LLM_MIX8X7B_T13,18,Male,BM,1b,0,90,1,10,,,0.75,0.99,0.65,0.95,,,,,,,,-0.24,-0.3,1.3
333,LLM_MIX8X7B_T13,33,Male,PE,1a,0,0.1,1,0.9,,,0.5,1,0.25,0.75,,,,,,,,-0.5,-0.5,1.3
334,LLM_MIX8X7B_T13,24,Male,BM,1b,0,0.9,1,10,,,0.8,0.95,0.4,0.85,,,,,,,,-0.15,-0.45,1.3
335,LLM_MIX8X7B_T13,29,Female,BM,2a,0,0.75,0,,,,0.85,1,0.6,0.2,,,,,,,,-0.15,0.4,1.3
336,LLM_MIX8X7B_T13,24,Male,BM,2a,1,0.45,1,0.1,,,0.8,0.95,0.75,0.9,,,,,,,,-0.15,-0.15,1.3
337,LLM_MIX8X7B_T13,29,Male,BM,1b,0,2,1,0.1,,,0.75,0.4,-0.65,0.8,,,,,,,,0.35,-1.45,1.3
338,LLM_MIX8X7B_T13,25,Male,BM,1b,0,2,0,1.1,,,1,1,-0.95,-1,,,,,,,,0,0.05,1.3
339,LLM_MIX8X7B_T13,22,Female,BM,1b,1,0.45,1,0.1,,,0.0045,0.95,-0.7,-0.7,,,,,,,,-0.9455,0,1.3
340,LLM_MIX8X7B_T13,40,Female,BM,2a,0,0.7,1,0.1,,,1,1,0.7,-0.9,,,,,,,,0,1.6,1.3
341,LLM_MIX8X7B_T13,30,Female,BM,2a,1,45,1,10,,,0.9,1,0.7,0.8,,,,,,,,-0.1,-0.1,1.3
342,LLM_MIX8X7B_T13,20,Male,BM,2a,0,2.9,0,1.1,,,0.98,0.95,0.5,0.5,,,,,,,,0.03,0,1.3
343,LLM_MIX8X7B_T13,33,Female,BM,1b,0,40,1,10,,,0.9,0.95,0.65,0.85,,,,,,,,-0.05,-0.2,1.3
344,LLM_MIX8X7B_T13,29,Female,PE,2b,0,0.1,1,90,,,0.5,0.8,0.65,0.7,,,,,,,,-0.3,-0.05,1.3
345,LLM_MIX8X7B_T13,21,Male,BM,2a,0,90,1,10,,,0.75,0.85,0.75,0.65,,,,,,,,-0.1,0.1,1.3
346,LLM_MIX8X7B_T13,22,Male,PE,2b,0,0.1,1,0.9,,,0.53,0.75,0.51,0.68,,,,,,,,-0.22,-0.17,1.3
347,LLM_MIX8X7B_T13,22,Male,PE,2b,1,0.05,1,0.9,,,1,1,0.5,0.5,,,,,,,,0,0,1.3
348,LLM_MIX8X7B_T13,49,Male,BM,2a,0,0.9,1,0.1,,,0.95,0.8,0.7,0.7,,,,,,,,0.15,0,1.3
349,LLM_MIX8X7B_T13,27,Female,BM,1b,0,,1,0.1,,,0.85,1,0.6,0.5,,,,,,,,-0.15,0.1,1.3
350,LLM_MIX8X7B_T13,19,Male,PE,2b,1,0.05,1,0.9,,,0.95,1,0.6,0.5,,,,,,,,-0.05,0.1,1.3
351,LLM_MIX8X7B_T13,22,Male,BM,2a,0,90,1,0.1,,,0.85,1,0.5,0.9,,,,,,,,-0.15,-0.4,1.3
352,LLM_MIX8X7B_T13,29,Male,BM,1b,1,45,1,10,,,0.8,1,0.5,0.95,,,,,,,,-0.2,-0.45,1.3
353,LLM_MIX8X7B_T13,23,Male,PE,1a,0,0.1,1,0.9,,,1,1,0.4,0.8,,,,,,,,0,-0.4,1.3
354,LLM_MIX8X7B_T13,22,Male,PE,1a,0,0.1,0,2.9,,,0.95,1,0.65,0.85,,,,,,,,-0.05,-0.2,1.3
355,LLM_MIX8X7B_T13,27,Male,PE,2b,1,0.05,1,0.9,,,0.7,0.6,0.2,0.009,,,,,,,,0.1,0.191,1.3
356,LLM_MIX8X7B_T13,19,Male,PE,1a,1,0.05,1,0.9,,,1,1,0.5,0.85,,,,,,,,0,-0.35,1.3
357,LLM_MIX8X7B_T13,24,Female,PE,1a,1,0.05,1,0.9,,,1,1,0.25,0.5,,,,,,,,0,-0.25,1.3
358,LLM_MIX8X7B_T13,21,Female,BM,2a,1,0.45,1,0.1,,,0.85,1,0.7,0.99,,,,,,,,-0.15,-0.29,1.3
359,LLM_MIX8X7B_T13,25,Male,PE,1a,1,0.05,0,2,,,0.9,0.9,0.75,-0.9,,,,,,,,0,1.65,1.3
360,LLM_MIX8X7B_T13,24,Male,BM,1b,1,0.45,1,0.1,,,0.8,1,0.33,0.75,,,,,,,,-0.2,-0.42,1.3
361,LLM_MIX8X7B_T13,23,Male,PE,1a,0,0.1,1,0.9,,,0.75,1,0.98,0.55,,,,,,,,-0.25,0.43,1.3
362,LLM_MIX8X7B_T13,27,Male,BM,2a,0,0.9,1,0.1,,,0.95,0.85,0.4,0.7,,,,,,,,0.1,-0.3,1.3
363,LLM_MIX8X7B_T13,20,Female,PE,2b,1,0.05,1,0.9,,,0.6,1,0.4,0.8,,,,,,,,-0.4,-0.4,1.3
364,LLM_MIX8X7B_T13,25,Male,BM,1b,1,0.45,1,0.1,,,0.75,0.97,0.37,0.67,,,,,,,,-0.22,-0.3,1.3
365,LLM_MIX8X7B_T13,36,Female,PE,1a,0,0.5,1,0.9,,,1,0.85,0.9,0.65,,,,,,,,0.15,0.25,1.3
366,LLM_MIX8X7B_T13,21,Female,PE,2b,0,0.3,1,0.9,,,0.99,0.95,0.7,0.9,,,,,,,,0.04,-0.2,1.3
367,LLM_MIX8X7B_T13,39,Male,BM,1b,0,1,1,0.1,,,0.95,0.8,0.35,0.75,,,,,,,,0.15,-0.4,1.3
368,LLM_MIX8X7B_T13,22,Male,PE,1a,1,0.05,1,0.9,,,0.99,1,0.8,0.99,,,,,,,,-0.01,-0.19,1.3
369,LLM_MIX8X7B_T13,21,Female,PE,2b,1,0.05,1,0.9,,,1,1,,0.8,,,,,,,,0,,1.3
370,LLM_MIX8X7B_T13,22,Female,PE,2b,1,0.05,1,0.9,,,,,0.98,0.98,,,,,,,,,0,1.3
371,LLM_MIX8X7B_T13,26,Male,BM,2a,1,0.45,1,0.1,,,0.9,1,0.85,0.95,,,,,,,,-0.1,-0.1,1.3
372,LLM_MIX8X7B_T13,19,Female,PE,1a,1,5,1,90,,,0.87,0.9,0.45,0.33,,,,,,,,-0.03,0.12,1.3
373,LLM_MIX8X7B_T13,24,Male,PE,2b,1,0.05,1,0.9,,,0.45,0.65,0.3,0.8,,,,,,,,-0.2,-0.5,1.3
374,LLM_MIX8X7B_T13,25,Female,PE,1a,1,5,1,90,,,1,1,0.9,0.5,,,,,,,,0,0.4,1.3
375,LLM_MIX8X7B_T13,26,Male,BM,2a,1,0.45,1,0.1,,,0.85,0.95,0.4,0.6,,,,,,,,-0.1,-0.2,1.3
376,LLM_MIX8X7B_T13,21,Female,BM,2a,1,0.45,1,0.1,,,0.7,1,0.6,0.99,,,,,,,,-0.3,-0.39,1.3
377,LLM_MIX8X7B_T13,20,Male,BM,1b,0,2.9,1,0.1,,,1,1,0.85,0.85,,,,,,,,0,0,1.3
378,LLM_MIX8X7B_T13,20,Male,PE,1a,1,5,1,90,,,1,1,0.9,1,,,,,,,,0,-0.1,1.3
379,LLM_MIX8X7B_T13,21,Female,PE,2b,0,10,1,90,,,1,0.95,0.7,0.6,,,,,,,,0.05,0.1,1.3
380,LLM_MIX8X7B_T13,22,Male,PE,1a,0,0.1,1,0.9,,,0.98,0.99,0.75,0.95,,,,,,,,-0.01,-0.2,1.3
381,LLM_MIX8X7B_T13,26,Male,BM,1b,0,2,0,1.1,,,0.95,0.85,0.97,0.95,,,,,,,,0.1,0.02,1.3
382,LLM_MIX8X7B_T13,21,Male,PE,2b,1,0.05,1,0.9,,,0.7,1,0.4,0.8,,,,,,,,-0.3,-0.4,1.3
